report,unit
"Kepala dinas di tempat
saya memohon di tindak lanjut
menon aktif rt maupun kelurahan lubang buaya.
dikarenakan jalan pintu ii atas tmii gg bhinneka rt 04 rw 10 kel lubang buaya kecamatan cipayung jakarta timur
tempat mabuk2kan dan tawuran
rt maupun lurah tdk bisa. ambil sikap tegas.
demikian surat atau email  kami sampaikan 
dari wa sekjen lsm kaliber indonesia bersatu dkd dki jakarta",Pemprov DKI 2
"Lokasi jalan pekapuran ii raya, kelurahan tanah sereal, kecamatan tambora, jakarta barat, dari area belakang sekolah bhinneka tunggal ika hingga depan gang petak serani iii. 

sejak tanggal 13 april 2021, jam 2 pagi, mulai ada gerombolan berandalan yang menyusuri jalanan sembari membawa kaleng rombeng ditabuh-tabuh dan berteriak-teriak sahur, padahal gerombolan berandalan bukan mengingatkan untuk sahur tapi untuk mengganggu istirahat warga sekitar. 

selain menciptakan keonaran, hingga jam 6 pagi, juga memainkan petasan, balapan sepeda dan juga terus-menerus berteriak-teriak tidak jelas artinya, diselingi dengan umpatan kata-kata kotor. apakah sahur sekarang berarti anak-anak harus main lempar petasan dan mengumpat kata-kata kotor?

memainkan petasan juga berbahaya karena rumah no.14 adalah tempat usaha yang banyak memiliki kertas dan bahan-bahan mudah terbakar. jika petasan hingga menyebabkan kebakaran besar, apakah pemerintah mau bertanggung jawab? area ini area padat penduduk, memainkan petasan harusnya dilarang keras!

saat bertemu dengan kelompok lain, atau pengguna jalan (dalam hal ini pengendara motor) akan diserang. akibatnya tawuran antara kelompok atau kekerasan terhadap pengguna jalan. padahal sudah berulang kali dilaporkan bahwa jalan pekapuran ii bukanlah tempat prostitusi, lokalisasi, atau hiburan malam. 

tempat ini adalah tempat pemukiman warga yang berhak beristirahat dengan tenang di malam hari!

petugas berwenang diwajibkan untuk patroli dan menjamin ketentraman dan ketertiban warga! segera tertibkan gerombolan berandalan yang tidak bertujuan baik dan mengganggu ketertiban. area ini bukan untuk preman atau orang-orang yang niatnya mengacau!",Pemprov DKI 2
"Kepada yth pemerintah kota bekasi, sebagai warga jatibening kompleks a.l, pondokgede bekasi, saya ingin melaporkan ketidaknyamanan dan ketidakamanan sebagai warga dikarenakan adanya tawuran di situasi covid 19 sekarang, dimana keadaan tersebut pada saat setelah hujan dan sedang banjir, serta terlihat anak anak yang terlibat tidak menggunakan protokol kesehatan seperti masker, yang dimana sangat berbahaya bagi penyebaran virus corona. saya mohon dapat diberikan solusi dan tindak secara tegas dan disiplin bagi pelanggar tersebut, dikarenakan dapat memicu penyebaran virus corona. sekian terimakasih.

tertanda,
warga jatibening indah komp. a.l,
pondok gede, bekasi.",Kecamatan Pondok Gede
"Kepada yth, bapak mahfud md, menteri hukum dan ham, dan seluruh jajaran terkai, jika fpi dibubarkan dikarenakan ada indikasi mendukung terorisme, maka kenapa organisasi lain seperti pp dan fbr yang nyata sangat meresahkan masyarakat, contoh pp dan fbr selalu meminta jatah uang keamanan kepada pedagang yang berada dipinggir jalan, mereka selalu melakukan tawuran apakah hal tersebut tidak merugikan masyarakat,,?jika memang bapak2 yg terhormat ini mau berlaku adil silahkan bubarkan juga organisasi lain yang nyata2 memeras masyarakat, terima kasih, maf saya bukanpendukung a, b, atau c tapi saya mendukung keadilan di negeri ini",Kedeputian Bidang Koordinasi Keamanan dan Ketertiban Masyarakat
"Aksi balap liar (motor) di jalur utama jl.letjen soeprapto,jakpus.. selama ini sangat meresahkan warga. hampir setiap hari mereka memenuhi jalur utama tsb (dari cempaka tengah hingga halte depan ruko cempaka mas.
warga (termasuk saya).. sudah berulang kali meminta pihak kepolisian (polres & polsek) untuk menindak. tapi kurang ditanggapi dengan maksimal. sudah diberitahu bahwa aksi tsb start dari jam 02.00 hingga pagi hari. patroli malah dilakukan antara jam 23.00 -00.30. jelas tak mungkin ada aksi balap liar tsb.
puncak kekesalan warga muncul.. akibatnya tadi subuh sekitar jam 3 terjadi chaos antara warga dengan para peserta dan penonton balap liar tsb.
bisa dikatakan...warga kalah dalam jumlah personel, karena jumlah peserta dan penonton balap liar tsb sangat banyak ( +/- 1000 orang). bahkan tadi ada pula rombongan peserta dari arah pulogadung, bekasi, kp.rambutan, lebak bulus hingga bsd yang ikut terlibat chaos..bahkan ada yang membawa samurai dan golok.

kalo seperti ini terus kondisinya, saya pastikan kedepannya akan ada korban jiwa...
hukum jalanan sepertinya lebih baik tuk menutupi kelemahan pihak kepolisian.

keluhan dan laporan saya ini sebaiknya segera ditindaklanjuti, sebelum kalian repot ngurusi korban di rs maupun rumah duka..!!!

regard
piet",Pemprov DKI 2
"Anak dari daerah lain menyerang anak-anak Sungai Jawi Dalam. Mengajak tauran. Ketika dipanggil pihak kepolisian hanya membubarkan. Tak lama setelah dibubarkan dan polisi pergi mereka      berkumpul kembali dan mengajak tauran lagi. Ini sangat mengganggu warga sekitar. Dan ini juga membahayakan karena para penyerang membawa senjata. Selain itu, kejadian ini juga membahayakan bagi pengguna jalan raya, karena mereka berlarian disekitar jalan raya sungai jawi dalam. Saya melihat para penyerang sedang berkumpul di barau (depan gg margodirejo).  Ini selalu terjadi di setiap malam minggu. Mohon segera ditindaklanjuti agar tauran ini tidak terjadi lagi. Harap laporan ini segera direspon.  Untuk mencegah hal yang tidak diinginkan terjadi malam ini, orang  di gg kami sudah menelpon polisi namun mereka hanya dibubarkan, harap polisi bertindak untuk memberi mereka efek jera agar tidak terulang. Terima kasih.",Kecamatan Pontianak Barat
"Kepada
yth sekretariat jendral dpr ri
di tempat

   untuk menanggulangi wabah corona ini, saya berniat memberi saran & masukan untuk menghemat ekonomi negara indonesia dalam hal proses belajar mengajar tahun ajaran baru 2020, yakni dengan membuat sistem pelajaran dalam bentuk acara siaran televisi indonesia

   yang perlu dilakukan adalah memperkerjakan beberapa guru kelas 1 - 6 sd, guru semua mapel smp, guru semua mapel smk & sma, semua dozens mapel kuliah di acara belajar mengajar stasiun televisi & murid dapat mencatat juga merekam pelajaran & soal ujian ditelevisi lalu mengerjakannya dirumah kemudian jawaban dari soal atau ujian diserahkan ke guru sekolah mereka untuk dikoreksi & dikirim lembaga pendidikan

contoh : 
   - trans tv  pukul 07 - 11 menayangkan acara pelajaran sd kelas 1 & pukul  11 - 15 menayangkan acara pelajaran sd kelas 2
   - antv pukul 07 - 11 menayangkan acara pelajaran sd kelas 3 & pukul 11 - 15 menayangkan pelajaran sd kelas 4
   - indosiar pukul 07 - 11 menayangkan acara pelajaran sd kelas 5 & pukul 11 - 15 menayangkan acara pelajaran sd kelas 6
   - rcti pukul 07 - 11 menayangkan acara pelajaran smp kelas 1 & pukul 11 - 15 menayangkan acara pelajaran smp kelas 2
   - mnc tv pukul 07 - 11 menayangkan acara pelajaran smp kelas 3 & pukul 11 - 15 menayangkan acara pelajaran sma/smk kelas 1
   - sctv pukul 07 - 11 menayangkan acara pelajaran sma/smk kelas 2 & pukul 11 - 15 menayangkan acara pelajaran  sma/smk kelas 3
   - rtv pukul 07 - 11 menayangkan acara pelajaran studi kuliah & begitu seterusnya

   sedangkan untuk ujian harian, ujian semester, ujian kelulusan, praktek jurusan bisa dikerjakan disekolah atau universitas dengan cara pembagian murid,
   misal : 1 kelas ada 35 murid (maka 35 murid dibagi 7 hari menjadi 5 murid yang masuk sekolah untuk mengerjakan ujian & praktek jurusan berdasarkan protokol kesehatan)

 keuntungan :
    - menghemat ekonomi rakyat dengan tidak membeli kuota untuk belajar di internet
    - dapat menjauhkan mata anak dari sinar biru ponsel yang berbahaya
    - tetap menjaga psbb dengan belajar dirumah

keuntungan lainnya :
    - menjauhkan generasi muda dari pergaulan bebas yang mengajak ke narkoba, prostitusi, tawuran di sekolah swasta yang kebanyakan adalah premanisme bila pandemi berakhir
    - memberi kesempatan kedua belajar bagi anak yang tidak sekolah & putus sekolah
    - mengurangi tindak kekerasan guru terhadap murid

kerugian
    - meniadakan sekolah swasta
    - mengurangi pembelian seragam sekolah
    - mengurangi tenaga kerja guru

   sekian saran dari saya semoga dapat membantu indonesia kedepannya.


mochamad nur hamzah",Dewan Perwakilan Rakyat Republik Indonesia
"Selamat malam bpk polisi yang kami hormati,

saya adalah salah satu warga yg teramat merasa terganggu dengan keberadaan sekelompok abg/pemuda yg hampir setiap malam nongkrong bernyanyi, berteriak, mabuk miras dll hingga larut malam bahkan subuh pagi ..

dulunya kelompok tersebut sudah beberapa kali ditertibkan karena sering memicu terjadinya tawuran antar kampung. dan banyak dari mereka juga sudah pernah ditangkap.. 

namun setelah beberapa lama kelompok tersebut vacum, akhirnya belakangan ini mulai kembali berkumpul melakukan halÂ² seperti yg dijelaskan tadi. 

kami sebagai warga merasa terganggu dan resah akibat ulah mereka. 

tokoh masyarakat juga sudah beberapa kali coba menertibkan namun tetap saja mereka mengulanginya kembali. 

jadi kami mohon kepada pihak terkait khususnya kepolisian yg berada diwilayah kelurahan grogol, kec. grogol petsmbursn jakbar unthk menindak tegas serta melakukan patroli rutin didaerah tersebut. 

terima kasih atas perhatiannya dan kami berharap bantuannya.",Kepolisian Daerah Metro Jakarta Raya
Yth bpk bupatu garut mau tanya saya fungsi psbb itu apa ya pak ?coba lihat di lapangan seperti apa khususnya daerah jl ahmad yanipembatasan hanya untuk kendaraan saja sedangkan orang nya bisa mengakali dengan 1000 cara masih terlalu bnyk yg berkumpul dan mengabaikan social distancinggrafik covid 19 di garut pun tidak ada penurunan media pun bnyk memberikan stigma negative pada garut karena masih terlalu banyak diabaikan social distancing dan penggunaan maskerbandung saja dari awal psbb pusat perbelanjaan tutup pak justru moment mau lebaran ini seharusnya ditutup pkl dan mall digarut supaya tidak makin menyebar dan memutus rantai covid 19apa bapak tidak kasihan dengan tenaga medis yg bekerja 24 jam coba lebih tegas mungkin bisa mencontoh kota lain dalam penanganan covid iniapalagi baru aja ada tawuran geng motor di masa psbb initolong segera dibuat kebijakan yg serius supaya covid hilang dari garut minimal tegad agar masyarakat tidak bnyk berkumpul terutama daerah pengkolan dan garut plaza,Badan Penanggulangan Bencana Daerah Kabupaten Garut
"Ada tawuran di kaliabang tengah, bekasi utara. disini memang rawan tawuran. barusan jam 2.45pagi ada tawuran lagi dan untung aja ada polisi naik motor pakai sirine jd pergi mereka. serem sekali. tolong dipantau area ini karena saya takut besok besok terjadi lagi karena memang sering terjadi. sangat meresahkan masyarakat. terjadi tgl 12mei (gatau kenapa di tgl kejadian gabisa dipilih 12mei)",Satpol PP Kota Bekasi
Terkait tawuran yg mulai terjadi kembali dan hampir tiap mlm sekitar jam 3 smpe menjelang subuh di jl.warakas gg.21 kel.warakas tg.priok,Polres Metro Jakarta Utara
"Hari ini banyak knalpot bising sepedamotor dan mobil diwilayah polsek palupuh,polres bukittinggi,sumaterabarat.seolah-olah mau mengajak tawuran,juga dentuman musik mobil lewat.",Kepolisian Negara Republik Indonesia
"Ektp di disdukcapil kabupaten tangerang.

hampir 1 tahun lamanya teman saya urus ektp di ektp di disdukcapil kabupaten tangerang, namun hingga hari rabu 26 pebruari 2020 ektp-nya belum tercetak (terlampir screenshoot bukti keluhannya)
sangat tidak masuk akal bila alasan klasik blangko tidak tersedia.
ngapain saja aparatur negara selama ini ? 

ektp adalah layanan dasar pemerintah terhadap warga negara. 
kalau urusan layanan dasar saja tidak beres bagaimana layanan lainnya ? pembuatan sim itu bisa selesai dalam hitungan jam, masa ektp kalah jauh (hitungan jam ke 1 tahun). bahkan kartu atm bank bisa dalam hitungan menit.
stop cari pembenaran diri, kerja, kerja, kerja.
tentu tidak perlu terulang kejadian seperti di batam
https://www.batamnews.co.id/berita-59287-kesulitan-urus-ektp-di-batam-warga-dan-pegawai-disdukcapil-pilih-tawuran.html
#ayokerja",Dinas Kependudukan Dan Catatan Sipil Kabupaten Tangerang
"Kepada yth. pemerintah provinsi dki jakarta. dengan hormat. saya dari warga rt.003 rw.010 kel. cipinang besar utara kec. jatinegara jakarta timur, saya ingin melaporkan tawuran antar warga yang sering terjadi di wilayah kel. cipinang besar utara kec. jatinegara jakarta timur. sudah 1 bulan ini sudah terjadi 6 kali tawuran antara warga cipinang pulo maja dan warga cipinang pulo wetan. warga dari cipinang pulo wetan sering sekali merusak rumah warga dan warung warga setiap tawuran. tujuan dari warga cipinang pulo wetan merusak rumah warga dan warung warga karna ingin menjarah harta benda kami. saya berharap ada solusi yang ampuh untuk masalah tawuran ini agar mereka yang terlibat tawuran menjadi jera dan tidak melakukan tawuran lagi. karna sampai saat ini tidak ada solusi sama sekali. terimakasih",Pemprov DKI 2
"""satpol#met siang kami dari warga masyarakat kab tmg dengan ini kami ingin sekali mengirimkan saran dan kritikan buat pemerintah kab tmg ini bolehkan dan kalau boleh begini aja langsung aja ya dari pada berpanjang kata kata dariku ya begini dlm menyambut natal dan tahun baru 2020 dengan ini kami  masyarat  untuk mengimbau kepada pemerintah kab tmg untuk menjaga keamana menjelang natal dan tahun baru karena apa kalau tdk di jaga bila terjadi sesuatu yg tdk kita kami inginkan yg rugi siapa ya pemerintah dan aparat keamaan  dari organisasi apa saja maupun dari intansi pemerintahan kab tmg dan maka itu kami dari masyakat kab tmg untuk mintak semuanya untuk menjaga keamanan di tahun baru ini yg tdk kami inginkan yg terjadi seperti contoh tawuran antara lindu aji dan gpk yg sdh sdh dan maka itu kami mintak kepada pemerintah kab tmg dan aparat keamaan dari mana saja  pas tahun baru dan natal harus di jaga  yg baik baik agar supaya tdk terjadi  hal halyg tdk kita inginkan semuanya biar supaya aman semuanya biar masyarakat bisa merayakan natal dan tahun baru di kab tmg tercinta dan  saya mintak kepada aparat keamanaan supaya di patroli supaya kondisi  kab tmg itu biar aman  aman selalu apa yg kita di inginkan oleh masyarakat kab tmg tercinta ini semuanya. ya oke demikianlah saran dan ktitikan dari kami atas terbacanya ini kami mengucapkan terima kasih semuanya dariku warga masyakat kab tmg tercintah y okr""",Admin SMS Gateway Resmi Kab. Temanggung
"Sering ada tawuran anak2 di malam hari, di dekat grandlucky radio dalam.  hampir tiap minggu ada tawuran. Tolong di pantau, supaya tidak ada pengguna jalan atau masyarakat yang terluka.",Kepolisian Negara Republik Indonesia
"Assalamualaikum wr wbdengan hormat saya kembali melapor kepada pemerintah kota padang, terkhusus satuan keamanan, bahwasanya di daerah purus tepi bandar bakali, anak-anak yg ntah dari mana asalnya mulai merusuh, mereka ngelem, tawuran, mengganggu keamanan dan kenyamanan masyarakat disini lebih tepatnya rw 07.saya mohon sekali lagi tolong dikondisikan, tolong di proses, kalau bisa diberi hukuman, karena kalau misalnya malah warga disini yg mengkondisikan takutnya malah lebih besar lagi perkaranya karena orang tua anak-anak tersebut kalau anak nya di peringatkan orangtuanya malah ngebela anaknya yg sudah jelas salah dan malahan ajak bertarung kepada yg memarahi anaknya.lokasi berkumpulnya anak-anak tersebut lebih tepatnya sekarang di bawah jembatan hijau veteran.sekali lagi saya minta tolong.terimakasih.",Satuan Polisi Pamong Praja Kota Padang
Telah terjadi tawuran massal antar perguruan silat antar perguruan  menimbulkan keresahan dan ketakutan masyarakat sebab merusak pemukiman masyarakat dan sarana umum,Kecamatan Kampak
"Yth. 
dinas kebersihan dan pertamanan kabupaten bogor,

pertama, kami ingin menyampaikan tentang proses pengangkutan sampah rumah tangga di wilayah cilebut khususnya wilayah kp. babakan jaya rt 03/rw 06, cilebut barat, kec. sukaraja, bogor. mohon agar lebih diperhatikan karena masih banyak warga yang kebingungan untuk membuang dan menampung sampah rumah tangganya dikarenakan tidak ada truk pengangkut sampah dari dinas kebersihan dan pertamanan kabupaten bogor, bahkan banyak yang membuang sampahnya ke sungai yang menimbulkan pencemaran, atau ke lahan kosong milik orang lain yang akhirnya menimbulkan perselisihan. kiranya mohon dapat segera ditangani mengingat bogor telah mendekati musim penghujan, selain itu spaduk dilarang membuang sampah sembarang menjadi tidak ada artinya tanpa dibarengi dengan ketersediaan truk pengangkut sampah serta fasilitas lainnya, kami sudah berkoodinasi dengan pihak rt terkait ini, namum belum ada sedikitpun tindakan nyata, kami sangat mencintai kebersihan sebagaimana yang diajarkan agama kami bahwa kebersihan itu sebagian dari iman, maka bila tidak mau bersih berarti tidak mau beriman. 

kedua, kami juga sangat memohon perhatian dan tindakan nyata kepada dinas sosial dan dinas terkait lainnya  terkait dengan permasalahan kenakalan remaja di daerah kami dimana peluang terjadinya tindakan kriminal yang diakibatkan oleh peredaran obat terlarang, perjudian, pengrusakan properti hingga tawuran antar warga, bahkan kami juga seringkali menemukan segerombolan anak anak remaja laki dan perempuan yang masih berkeliaran berkumpul di jalan gang gang sampai larut malam, kami sudah berusaha menegurnya namun rupanya tidak diindahkan bahkan semakin menjadi jadi. untuk itu kami minta dinas terkait untuk memberikan pengarahan kepada warga serta membantu perbaikan moral melalui pembinaan keterampilan agar kami dapat merasa aman menjadi warga kabupaten bogor.  

demikian atas perhatian dan kerjasamanya diucapkan terima kasih.",Dinas Lingkungan Hidup
"Assalamualaikum 
keluhan saya kali ini tentang tawuran antar kampung yang masih sering terjadi di area magelnag kota di daerah paten gunung , karabg gading dan sekitarnya 
hal tersebut sangat mengganggu keamanan kami sebagai warga
#ayomelapor",Satuan Polisi Pamong Praja Kota Magelang
"Saya ingin menyampaikan terkait sistem zonasi sekolah yang diterapkan saat ini. Menurut pendapat saya sistem ini memeliki beberapa keunggulan namun juga memiliki kelemahan yang sangat krusial.

Keunggulan:

1. Jarak sekolah tidak jauh sehingga mengurangi waktu tempuh sehingga biaya dan energi yang dibutuhkan menjadi efisien.
2. Dengan sistem ini memberikan kesempatan yang sama bagi setiap sekolah untuk mendapatkan murid.

Kelemahan:

1. Lokasi sekolah yang tidak rata menyebabkan banyak yang tidak mendapatkan sekolah, sehingga sistem ini secara tidak langsung menjadi tidak reliable.
2. Dengan sistem zonasi proses kompetisi antar murid tidak maksimal dikarenakan dihitung dari jarak rumah ke sekolah.
3. Secara perkembangan murid sistem ini menjadikan murid rentan terhadap efek negatif dari teman yang tidak baik (malas, nakal dan suka tawuran) karena tidak semua daerah anaknya baik-baik. (Jika tidak paham dengan point ini harap berkonsultasi dengan psikolog, jangan merasa mengerti)",Kementerian Pendidikan dan Kebudayaan
"Mohon bantuannya pak polisi wilayah tanjung priok jakarta utara..
daerah tempat pemukiman saya di warakas gang 21 sudah 2 malam belakangan ini sering terjadi tawuran..
tawuran sudah menggunakan senjata tajam dan bom molotov..
rumah saya sudah terkena sasarannya..
salah satu rolling door saya tersabet senjata tajam.",Kepolisian Negara Republik Indonesia
"Halomasjekek jadi begini, beberapa hari yang lalu terjadi tawuran antar 2 perguruan bela diri di daerah slogohimo yang meresahkan banyak warga. saya merasa terganggu dengan kejadian ini dan aktivitas sehari hari terganggu. melihat peristiwa seperti itu yang mana bukan baru kali pertama terjadi sebaiknya segera diberikan ketegasan kepada perguruan bela diri tersebut atau mungkin seluruh perguruan bela diri di wilayah wonogiri agar peristiwa semacam itu tidak terjadi lagi.",Kantor Kesatuan Bangsa dan Politik Kabupaten Wonogiri
"Kepada yth
Pemprov DKI Jakarta/kelurahan/kecamatan/divisi untuk bagian rt/rw wilayah, melalui laporan ini saya ingin sampaikan bahwa sudah sangat lama mungkin bisa terhitung dari beberapa tahun lalu hingga saat ini baru berani saya publish, area sekitar Jalan Duri Selatan V, Tambora Jakarta Barat dipagi (subuh)/siang/sore/malam ataupun tengah malam pun anak-anak maupun orang dewasa di daerah tersebut masih bermain sepak bola/bermain petasan/tawuran yang sangat menggangu warga sekitar,  apalagi bermain sepak bola hingga pintu pagar ataupun besi ditendang2 untuk bermain bola padahal banyak mobil dan motor yang lalu lalang. walaupun sudah dilaporkan rt/rw setempat pun tidak ada efek jera, mungkin tidak ditanggapi yang seharusnya tugas rt/rw salah satunya memelihara kerukunan hidup, ketertiban, kenyamanan warganya.
tetapi sangat disayangkan tidak ada tindakan lebih lanjut karena tidak ada yang memperhatikan kinerja mereka juga. mohon bantuannya dapat ditindaklanjuti secepatnya.",Pemerintah Provinsi DKI Jakarta
"Saya ingin melaporkan bahwa seringnya anak-anak remaja di sekitar rumah saya di kawasa jalan flamboyan, cengkareng barat, cengkareng, jakarta barat sepanjang bulan ramadhan membangunkan sahur tidak simpatik dan cenderung mengganggu seperi melempari rumah orang dengan petasan dan terkadang menjadi tawuran antar remaja. Rumah saya sering menjadi sasaran lemparan dari anak2 tersebut. Kami sudah melaporkan kepada rt setempat namun jawabannya tidak bisa manjamin kami sebagai warga untuk hidup tenang. Kami ini sudah capek bekerja dari pagi smp malam terkadang dini hari. Kami butuh sekali istirahat, dan selama bulan ramadhan yang ada kami was2.. Kami mohon pihak kepolisian  menindaklanjuti hal ini.",Pemerintah Provinsi DKI Jakarta
"Kepada yth aparatur pemerintah daerah,
Ini surat saya yang kedua terkait kenyamanan lingkungan daerah rt/rw:02/03. Kecamatan kemayoran. Kelurahan utan panjang. Khususnya di gang n. Setelah sebelumnya saya melaporkan kegaduhan di lingkungan saya pada malam hingga menjelang dini hari. Dari laporan tsb cukup lama ditindak lanjuti hingga akhirnya kegaduhan tsb berangsur hilang. Terima kasih banyak sebelumnya atas atensi dari aparat daerah terkait. 
Namun setelah kenyamanan dan keheningan tsb terpelihara sesaat kurang lebih hampir setahun, kini situasi semakin parah.
Bahkan mulai dari pagi sekitar pukul 10, gang n yang sempit ini dijejali motor dari pengojek online yang berkumpul hingga pukul 11 malam. Setelah itu dilanjutkan aktifitas kumpul2 dan nongkrong oleh anak remaja dan terkadang juga oleh bapak2 hingga menjelang pukul 4 pagi.
Tentunya dibarengi dengan suara2 obrolan dan nyanyian mereka yang begitu keras sehingga mengganggu waktu tidur orang sekitarnya. 
Sempat dilaporkan ke pihak kepolisian, kemudian situasi tenang tapi hanya bertahan 1 minggu.
Yang sangat disayangkan seperti ada pembiaran dari ketua rt ataupun rw setempat.
Warga hanya sigap dilayani ketika untuk urusan iuran rt/rw, dana kerja bakti ataupun iuran ronda. Sementara kegaduhan seperti ini sepertinya dibiarkan begitu saja. 
Apa harus ada kegaduhan dulu ataupun tawuran dan muncul masalah keamanan baru mau ditindak lanjuti?
Saya mohon dengan sangat untuk pejabat terkait mungkin pihak kecamatan ataupun kelurahan untuk bantuannya menindak lanjuti ini.
Terima kasih.",Pemerintah Provinsi DKI Jakarta
Ada tawuran anak sekolah di ketapang. Belakang mall gajah mada. Buruan. Soalnya mereka bawa sajam. Takut ada yg terluka. Tq,Kepolisian Negara Republik Indonesia
"Lapor hendy asalamualaikum salam sejahtera , saya ingin melaporkan tentang keresahan warga wonodri kebondalem (kel.wonodri kec smg selatan) karena tiap jam pulang sekolah banyak siswa dari smk 3 yg terletak di jalan admodirono nongkrong dengan jumlah banyak dan merokok di depan gang jalan wonodri kebondalem / jalan singosari timur yg menyebabkan contoh tidak baik untuk anak sekolah lainnya dan bagi anak-anak di lingkungan kami dan kadang terjadi persilisihan dengan kelompok sekolah lain karena mereka nongkrong secara bergerombol yg menyebabkan tawuran , mohon untuk bapak walikota bisa meluruskan masalah ini kepada dinas terkait karena kami sebagai warga sdh pernah melaporkan tindakan ini ke sekolah stm3 dan pihak babinsa tapi ya masih terjadi lagi masalah",Pemerintah Provinsi Jawa Tengah
"Untuk wilayah jagakarsa, jl. Muh.kahfi 1. Sering terjadi tawuran anak abg. Tepatnya jlan skitaran tpu kampung kandang. Biasanya antara pukul 1 - 4 pagi. Sebagian bahkan berani melakukan pemalakan warung pinggir jalan. Mohon sering dilakukan patroli. Dan bocah-bocah tersebut ditertibkan. Karena sangat meresahkan.",Kepolisian Negara Republik Indonesia
"Jalan Babarsari dan Jalan Baladewa sering digunakan sebagai arena BALAP LIAR pada malam hari sampai subuh. Biasanya hari Jumat, Sabtu dan pada hari libur. Lokasinya Jalan Babarsari, Desa Caturtunggal, Kec. Depok, Kab. Sleman, Yogyakarta. Di Jalan Baladewa juga terdapat sebuah Pub yang membuat orang-orang mabuk dan sering tawuran di sekitar jalan Baladewa. Mohon ditertibkan.

",Kepolisian Negara Republik Indonesia
"Kelurahan sawangan kota depok, saya selaku warga setempat (dekat gerbang hijau disamping polsubsektor sawangan) memohon diperketatnya keamanan di malam hari, dikarenakan belakangan ini sering terjadi penggunaan serta tawuran petasan antar anak-anak.",Kepolisian Negara Republik Indonesia
"Ini adalah surat terbuka sekaligus ungkapan isi hati dari saya dan guru-guru tik lainnya.
 Pertama-tama ijinkanlah saya memperkenalkan diri. Nama saya fathurrochman; saya seorang guru di sekolah swasta islam yang tahun ini terpilih menjadi sekolah dengan kurikulum 2013. Hal ini berarti mata pelajaran tik dihilangkan pada kurikulum 2013. Menurut informasi yang saya terima bahwa berikut beberapa alasan pemerintah :
 1. Tik / kkpi bisa integratif (terintegrasi) dengan mata pelajaran lain 
 2. Tik/kkpi dianggap akan memberatkan pemerintah karena implikasinya pemerintah harus menyediakan sarana dan prasarananya
 Tapi menurut analisa saya, sepertinya bukan itu yang membuat tik dihilangkan dari kurikulum 2013. Ada alasan lain yang tersembunyi yang tidak ingin dijelaskan dan mungkin akan membuat guru tik menjadi kecewa. Alasan itu salah satunya adalah karena faktor tentang perilaku remaja yang berubah drastis. Dengan hadirnya teknologi baik melalui handphone atau komputer yang terhubung dengan internet, maka banyak siswa mulai mengkonsumsi tayangan yang tidak pantas, tindak kekerasan/tawuran, terjadinya kasus pencabulan bahkan kehamilan di luar nikah. Kenakalan remaja ini melanda mulai jenjang sd, smp, sma/smk sampai jenjang perguruan tinggi. Apalagi jika sekolah mengharuskan siswa membawa hp/laptop sekolah, maka akan semakin lebih parah. Sehingga yang terkena imbas adalah guru tik/kkpi, padahal darimana anak tk/sd bisa main game dan berinternetan ? Bagaimana cara memanfaatkan tik dengan baik dan benar ? Bagaimana etika penggunaan tik dstâ€¦ sulit bahkan tidak bisa didapatkan mereka dengan autodidak.
 Saya kira yang kena dampak paling parah adalah guru tik, padahal benteng untuk menghadapi teknologi adalah iman seseorang yang harus kuat. Seharusnya yang dibenahi adalah guru mata pelajaran agama (pendidikan agama islam) antara lain :
 1. Apakah standar kompetensi (materi) yang disampaikan cocok dengan kebutuhan zaman mulai dari sd hingga pt. Apakah di tingkat sd sudah diajarkan cara bersuci? Kalau di sekolah islami yang pernah saya survey di suatu smp swasta, bahwa dari 36 siswa dalam suatu kelas bahkan mereka tidak bisa niat dan melakukan bersuci dari hadast besar. Banyak siswa bisa tapi banyak yang lupa dan mereka belum sempurna dalam bersuci. Dan menurut pakar ruqyah bahwa siswa saat belajar diganggu makhluk yang tidak terlihat mata (jin). Sehingga apa yang diajarkan oleh guru sulit diterima siswa. Bahkan juga kesalahan yang dilakukan orang tua tidak tahu doa ketika melakukan hubungan suami istri.
 2. Apakah guru-guru agama memang kinerja sudah baik / sudah disupervisi dengan benar. 
 Semoga apa yang saya sampaikan bisa bermanfaat. Khususnya dunia pendidikan.

",Kementerian Pendidikan dan Kebudayaan
"Tolong tertibkan anak-anak liar yg setiap malam nongkrong di jalan Pekojan 2 No.5A, RT.08, dekat pos hansip RW.06  Tambora, Jakarta Barat,. Sering ribut sampai larut malam, bikin masalah keamanan & ketertiban, mengganggu pengguna jalan.",Kepolisian Negara Republik Indonesia
"Kepada Yth. Pemprov DKI Jakarta.
Saya ingin mengajukan keluhan tentang gangguan kenyamanan lingkungan daerah Kemayoran, Utan Panjang 3, yang lebih dikenal dengan daerah Jiung, Gang N tepatnya di Rt/Rw: 02/03. Hampir setiap malam, mulai dari jam 20.00 daerah tersebut dijadikan tempat kumpul2 atau nongkrong anak muda umur antara 15 an hingga 20 an tahun. Sangat gaduh dan begitu berisik. Aktifitas mereka hingga pukul 2 atau 3 dini hari. Dan sering sekali diikuti dengan mabuk-mabukan dan tidak jarang berakhir dengan tawuran. Sepertinya tidak ada respon sama sekali dari pihak Rt dan Rw setempat. Padahal tempat kumpul-kumpul mereka tidak jauh dari kantor Rw 03 yang hanya berjarak 10 meter. Mohon bantuan dari pihak terkait agar kenyamanan warga sekitar tidak terampas oleh kegiatan negatif para anak muda ini. Mohon dinas terkait untuk menindaklanjutinya. Terima kasih.",Kantor Walikota Jakarta Pusat
" Di daerah rumah saya tepatnya Jl. Jatibunder 5 rt12/rw09 (rumah susun jatibunder )
di bulan puasa ini banyak anak2 dan remaja yg bermain pesatan mulai dari jam 8 hingga saur, ini dapat mengganggu masyarakat yg ingin beristrirahat & pedagang. tidak hanya bermain petasan tetapi membuah kegaduhan saat membangunkan sahur. Hampir setiap bulan ramadhan selalu ada tawuran yg saya takutkan terulang kembali di bulan ramadhan ini. Mohon untuk di tindak lanjuti segera.",Kepolisian Negara Republik Indonesia
@hendrarprihadi terjadi kerusuhan tawuran telah meresahkan warga di sekitar SMKN 10 Semarang. Kecamatan Semarang utara. Mohon... #laporhendi ,Kantor Satuan Polisi Pamong Praja Kota Semarang
"Kepada Yth. Pemprov DKI Jakarta.
Mohon ditindak anak anak nongkrong/anak punk yang mengganggu warga dan pengendara di sekitaran Gang H.Musonif, Cidodol, Kebayoran Lama, Jakarta Selatan.
- Setiap malam nongkrong dan nyanyi nyanyi sampai menjelang pagi sehingga mengganggu kenyamanan warga
- Mengganggu kelancaran pengendara dan transportasi umum
- Mengganggu para pejalan kaki
- Sudah berkali kali ditegur oleh warga beserta RT dan RW tetapi malah melawan dan menantang untuk tawuran
- Ada beberapa anak perempuan yang malah mencaci maki jika ditegur/diusir
Mohon kiranya untuk dapat memproses laporan kami. Laporan ini dapat dipertanggung jawabkan oleh saya sendiri dan RT/RW setempat.
Mohon dinas terkait untuk menindaklanjutinya. Terima kasih.",Kantor Walikota Jakarta Barat
"Kepada Yth. Pemprov DKI Jakarta. Kelurahan dan Kecamatan Jelambar Baru nama saya Chandri, saya tinggal di Gg, Ambar, Jelambar Selatan II - Jakarta barat, Jelambar Baru, Grogol Petamburan. Saya adalah salah satu warga menghuni di gg. ambar. walaupun saya gak begitu merasakan keresahan dibuat oleh anak anak ABG di waktu nongkrong, tetapi saya prihatin selama ini banyak laporan yang menuju di kawasan kami, hanya gara gara seberapa anak pecundang yang telah berbuat kesalahan, kawasan kami menjadi bahan pembicaraan umum tidak henti hentinya. Bermula hanya nongkrong nongkrong santai, berbuah kericuhan, kebisingan, tawuran, kriminal, tindakan asusila dan narkoba. Walaupun ketegasan itu ada, dan RT setempat sudah diberikan teguran keras oleh kelurahan setempat, tetap tidak mengurungkan niat para ABG ini berkeliaran melakukan aksi tak bermoral ini di hadapan warga yang butuh istirahat.  Hampir setiap hari ada acara nongkrong ramai ramai tidak henti hentinya dari malam sampai tengah malam, bahkan sampai subuh. Bila perlu mereka ajak lagi anak ABG dari luar datang ketempat untuk berbuat hura hura sampai gaduh dan teler karena miras oplosan. mereka sering nongkrong di tempat penjualan koran dan tempat jahit pak kumis, disana begitu gelap, agar mempermudah mereka untuk transaksi narkoba dan konsumsi narkoba dengan beramai ramai. Padahal jalan masuk di gg. ambar tersebut sudah dipagarin pagar agar warga merasakan rasa tertib dan aman. tetapi, ntah dari mana kunci gembok pagar tersebut bisa diakses oleh salah satu anak ABG dan dibuka di tengah tengah malam untuk ajang nongkrong. Saya bertanya, semudah itukah Pak RT memberikan akses kunci gembok pagar itu kepada salah satu anak ABG tersebut?, jangan jangan itu salah satu anak pak RT yang terlibat, kenapa tidak ada petugas siskamling yang berani menegur para kawanan pecundang itu?  Pertanyaan saya, bagaimana kalau terjadi kriminal di tempat hunian kami? saya bisa bilang begitu karena tempat kami pernah kemalingan, itupun karena akibat acara nongkrong yang di lakukan oleh anak ABG tersebut. tidak tanggung tanggung di jalan sempit seperti ini bisa kumpul kumpul sampai 20 anak ABG untuk melakukan aksinya. saya berharap dinas terkait lebih memperhatikan lingkungan kami untuk lebih fokus, karena tindakan mereka sudah diluar batas dan tidak bisa di maafkan. pernah saya dengar beberapa pelapor yang tidak menyukai sepak terjang mereka, akhirnya berakibat anarki dan dibawah ancaman, karena itu, banyak dari warga sekitar kami tidak betah lama lama tinggal dan berbisnis serta memilih untuk hengkang dari hunian, daripada berurusan para ABG tersebut. saya harap dinas terkait, memberi sanksi yang berat bagi RT yang lalai dan para ABG tersebut, agar tercipta lingkungan aman dan tentram.   Mohon di tindak lanjuti. Terima kasih.",Kantor Walikota Jakarta Barat
"Saya mau beri saran untuk Menkominfo agar pengawasan internet khususnya youtube diperketat, soalnya banyak sekali video yg tdk baik di simpan di youtube. Misalnya video tawuran sekolah, dan video seks remaja yg di upload ke youtube, hal ini sangat tdk baik apalagi sekarang hp android anak kecil sudah banyak yg mengakses dgn adanya kuota pulsa dari operator dan 4G, ini semakin mudah diakses di hp android anak. Saya ingin komisi penyiaran juga masuk ke ranah internet khususnya video youtube, agar tdk bebas kebablasan sehingga moral remaja tdk semakin rusak. ",Direktorat Jenderal Aplikasi Informatika
harap di tindak lanjuti maraknya tawuran yng terjadi antar perguruan silat mhon di cari solusinya krn scr tdk lngsng hal tersebut akn merusak gnerasi muda dan sya usul agar tgu -tgu perguruan dihilangkan dr bumi bjonegoro syang bila kmajuan bjonegoro diwarnai olh permusuhan generasi muda kt . (Ky),Satuan Polisi Pamong Praja Kab. Bojonegoro
Kepada Yth. Pemerintah Provinsi DKI Jakarta. Di wilayah Jalan Karang Anyar Raya RW 01 dan RW 02 Kelurahan Karang Anyar Kecamatan Sawah Besar Jakarta Pusat sering terjadi tawuran antar remaja tengah malam akibat miras tolong tindak lanjuti karena menganggu ketertiban umum dan meresahkan masyarakat banyak jangan di biarkan permasalahan ini terima kasih,Satuan Polisi Pamong Praja Provinsi DKI Jakarta
"Kepada, 
Yth. Pemerintah Provinsi DKI Jakarta. 

Setiap malam banyak anak remaja yang berkumpul dan membuat kegaduhan. Sudah ditegur dan dilaporkan ke RT setempat tetapi tidak ada hasil. Jika hal tersebut terus terjadi di khawatirkan menimbulkan efek buruk seperti tawuran. Mohon bantuan dan solusinya. Lokasi Jalan. Kemang Utara XI RT 006/RW 04 (Gang Kober) Kelurahan Bangka Jakarta selatan. Terima Kasih.",Kantor Walikota Jakarta Selatan
"Kpd Yth Pemprov DKI Jakarta
Saya warga keturunan tiong hoa, sedang bangun rumah di daerah Senen Tanah Tinggi, Jl. Irawan  1. Selama masa pembangunan banyak pungli dari Bapinsa, dan preman2 didaerah sana.  2. RT di gang rumah saya sangat tidak cooperative dan tidak perduli terhadap warganya. awal pembangunan saya juga pernah diminta komisi oleh RT nya (tapi tidak secara langsung dia meminta) 3. Daerah sana ada RUSUN dimana orang yang tinggal disana sangat tidak teratur dan berdagang dipinggir jalan sehingga membuat jalan jadi rusuh dan semerawut 4. Di gang rumah sy sering terjadi tawuran dan rumah sy suka di lempari batu, tetangga saya ada yang kemalingan juga. RT dan RW setempat sudah tahu sering kejadian begitu tapi NO RESPON 5. Menurut RT setempat daerah sana dikuasai oleh FBR, sehingga kita harus memberikan uang jago setiap bulan kepada preman disana.  Mohon untuk lebih diperhatikan daerah Jakarta Pusat Senen, khususnya keamanannya. walaupun disana ada pos polisi tapi mereka juga tidak berbuat apa - apa, kami sudah lapor perihal tawuran yang sering terjadi dan bahkan ada yang memanjat rumah dan mencuri tapi Polisi tidak berbuat apa - apa.  Terima kasih ",Kantor Walikota Jakarta Pusat
"Kepada Yth. Pemprov DKI, sudah hampir beberapa bulan ini dijalan tembusan sebelah kantor pos Pulogadung ke arah Jalan Sodong(kaum, area rw. 005 Jak-Tim) didekat perumahan Taman Berdikari (Jaktim) ada beberapa anak muda yang suka nongkrong dan otak atik motor rakitan mereka. Kondisi yang membuat kami melaporkan adalah anak-anak tersebut suka menyalakan motor mereka tanpa kenal waktu dan menstarter motor mereka hingga maksimal mengakibatkan suara yg terdengar sangat bising pada waktu dini hari ( jam 23.30, 01.00, 02.00, atau pernah juga jam 17.00 wib). Kami sangat heran apa anak2 tersebut tidak mempunyai orang tua yang mencari mereka. Warga di area tersebut sangat terganggu dengan suara motor berisik tersebut. Kami butuh lingkungan yang tenang. Jika kami menegur mereka marah dan langsung ngajak tawuran. Mohon bantuannya agar bisa ditindak lanjuti, atau di fasilitasi kelebihan mereka itu. Terima kasih",Dinas Perhubungan
"Kpd Yth Pemprov DKI Jakarta
Kebisingan terjadi dikawasan seputar masjid al ikhlas jatipadang, anak-anak sudah semakin anarkis alih-alih ikut solat jamaah malah bercanda dan tawuran....ditambah banyak anak-anak dibawah umur yg merokok dan membuka video porno mohon segera ditindaklanjuti. Terima Kasih",Kantor Walikota Jakarta Utara
"Yth. Kepolisian Republik Indonesia,
Ingin melaporkan, mengapa tidak ada polisi yang berjaga di Kp. Pulo, padahal tadi pagi (6/06/2016) terjadi tawuran besar.

Terim kasih",Kepolisian Negara Republik Indonesia
"Kepada,
Yth. Pemerintah Provinsi DKI Jakarta,

Setiap malam dan dini hari sering terjadi tawuran warga di Jatinegara Barat Jakarta Timur, tetapi aksi kepolisian setempat agak lambat dalam menangani tawuran tersebut padahal tkp tepat berada di belakang Polres Matraman Jakarta Timur.  Terimakasih atas perhatiannya.",Kantor Walikota Jakarta Timur
"Kepada Yth. Pemprov DKI Jakarta.
Saya warga jalan Kramat Pulo Gundul II, RT.3/9, nomor K38A, melaporkan telah terjadi kembali tawuran antar warga di jalan tersebut diatas pada hari Kamis subuh 26 Mei dan Jumat malam 27 Mei. Tawuran ini sudah yang kesekian kalinya, kami sebagai warga merasa takut dan khawatir dengan kondisi ini, minta tolong warga kampung jawa dan kampung masjid di tertibkan. saya berharap mereka bisa dipindahkan ke rumah susun karena mereka menempati tanah garapan. Mohon untuk ditindaklanjuti, terima kasih.",Kantor Walikota Jakarta Pusat
"Kepada Yth. Pemprov DKI Jakarta.
Menjelang bulan ramadhan sering terjadi tawuran di wilayah Kelurahan Kampung Rawa, Kecamatan Johar Baru, mohon diperhatikan pihak keamanan dan Pemda DKI. Terima kasih.",Kantor Walikota Jakarta Pusat
"Tawuran Pelajar didaerah depok,jawa barat 

kepada Yth: bapak ibu pihak terkait

bersama ini kami ingin melaporkan Tentang sekolah menengah kejuruan didaerah depok tepat nya di jl raya pitara dan nama sekolah tersebut adalah smk arjuna,kami selaku warga didaerah sini seringkali melihat tawuran antara pelajar sekolah tersebut dgn pelajar dari sekolah lainnya,sampai ada yg meninggal dikarenakan para pelajar tsb membawa senjata tajam,seperti samurai yg panjang2, gir dan sajam lainnya.alangkah mirisnya melihat para pelajar tsb yg seharusnya belajar tetapi berperilaku seperti jagoan,menurut pelajar2 tsn mereka sudah diakarkan dgn dendam dikarenakan banyak para alumnus sekolah tsb yg pengangguran yang msh nongkrong,dan memprovokasi.tolong bantuan darai pihak terkait untuk dpt memperhatikan hal ini agar tdk ada lagi korban sia2 yg melayang,kalo bisa sekolah nya ditutup atau lbh diseleksi lagi agar bisa menciptakan generasi yg lbh baik bagi bangsa dan negara ini.krn sekolah ini aja lokasinya bukan ditengah kota tetapi msh didaerah yg agak jauh dari keramaian.atas perhatiannya kami ucapkan terimakasih.","Dinas Pendidikan, Pemerintah Provinsi Jawa Barat"
"Yth. Kepolisian republik indonesia, 

Saya menyarankan untuk memperbanyak armada polisi di sekitar tanah tinggi jakarta pusat, karena disana semakin sering terjadi tawuran. 

Mohon tindak lanjutnya. Terimakasih",Kepolisian Negara Republik Indonesia
"Yth. Kepolisian Republik Indonesia

Dengan ini saya mengadukan keresahan warga atas permasalahan yang sudah dialami sejak lebih dari 20 tahun lalu yaitu tawuran antar warga di Kampung Rawa Sawah, Cempaka Putih, Jakarta Pusat. Tindak kekerasan yang turun temurun mengakibatkan tawuran ini terus menerus terjadi di kawasan ini.

Hingga terakhir tadi sore terjadi tawuran yang berlangsung kurang lebih 2 jam dan menggunakan petasan, kaca, batu, dan sebagainya. Dengan adanya tawuran pihak kepolisian setempat memang sudah melakukan tindakan peleraian dengan memberikan gas air mata untuk membubarkan massa dan mungkin sudah ada beberapa tindakan dalam usaha mencari titik permasalahannya. Seringkali memang permasalahannya hanyalah hal-hal sepele baik adu perkataan maupun masalah perempuan. Namun dinilai hal itu saja tidak cukup berhasil karena semenjak saya kecil tinggal di tempat tersebut hingga saat ini namun tawuran masih seringkali terjadi dan merugikan masyarakat setempat. 

Dengan tidak adanya tindakan tegas dari pemerintah nantinya akan mengakibatkan generasi-generasi masa depan akan penuh dengan kekerasan. Maka dari itu hal ini harus segera diberantas. Beberapa pemikiran sederhana saya ialah mungkin ada baiknya daerah Cempaka Putih terutama kampung Rawa Sawah dapat direlokasikan untuk daerah yang tergolong semrawut sehingga bisa memisahkan kelompok-kelompok masyarakat yang biasa melakukan tawuran. Dan tidak lupa memang dapat dilihat kebanyakan orang-orang yang tawuran baik bapak-bapak atau anak muda dan sudah terjerumus minuman keras dan obat-obatan juga. Kiranya permasalahan yang sudah berlarut-larut ini dapat segera diselesaikan demi membangun generasi muda nantinya yang dapat berguna bagi bangsa. 

Mohon ditindaklanjuti, terima kasih.",Kepolisian Negara Republik Indonesia
"Yth. Kepolisian Republik Indonesia,

Saya sudah 3 bulan ini tinggal di pabuaran - puri bojong lestari - citayam, Kab. Bogor. Dimohon untuk para anggota TNI-Polri untuk patroli keamanan disana karena sering terjadi tawuran remaja, kemacetan parah, pencurian di rumah baru (kawasan perumahan) yang masih dikit penghuninya, pengguna motor yang makai knalpot racing sehingga berisik sekali dan juga para sopir angkot yang masih muda sehingga ugal-ugalan dan berhenti seenaknya bikin macet parah antara stasiun citayam sampai bojonggede. Mohon untuk segera dilakukan penertiban.

Terimakasih.",Kepolisian Negara Republik Indonesia
"Yth. Pemprov.DKI Jakarta. Mohon bantuannya utk membubarkan massa yg berkumpul di Jl. J Buntu Kel. Kebon Baru, Kec. Tebet  RW 012 setiap pukul 1. 45 pagi. Massa ini berpotensi tawuRran karna terdiri dari anak kecil hingga dewasa dan sangat meresahkan warga sekitar. mohon di tindaklanjuti. Terimakasih",Kantor Walikota Jakarta Selatan
"Kepada Yth,         Jakarta, 27 Mei 2015
Bapak Direktur PJKA
Di Tempat.
Hal : Antisipasi tawuran Warga
Dengan Hormat,
Kami warga  RW.01 Kel.Klender Jakarta Timur yang berbatasan langsung dengan Cipinang Jagal di Jl. I Gusti Ngurah Rai Jakarta Timur.
Bapak Direktur Yang terhormat , Sebenarnya kita semua tidak menginginkan terjadinya tawuran antar warga di wilayah kami, maka dengan itu salah satu yang paling penting untuk menghentikan tawuran yaitu dengan Membangun Pagar Duracon sepanjang pemukiman warga tanpa ada aces sama sekali sepanjang 300 meter, Bapak yang terhormat, selama dinding pagar belum di bangun dan akan  sering terjadi tawuran  maka dari pihak dari PJKA akan rugi , yaitu perjalan Kereta terganggu dan material batu habis untuk alat tawuran , maka sekali kami warga yang cinta damai tolong dengan cepat di bangun dinding pagar seperti kampung sebelahnya.
Demikian permohonan dari kami warga yang cinta damai.
Kami warga rw.001 klender Jakarta timur. (kebon singkong)

Rahmad satriyono
",Kantor Walikota Jakarta Timur
"Kepada Yth. Pemprov DKI Jakarta
Kami warga Klender yang cinta damai, saya hanya saran dan permohonan kepada pihak yang berwenang bahwa untuk mencegah terjadinya tawuran untuk secepatnya harus segera dilaksanakan usulan warga pada pertemuan dengan Bapak Walikota untuk segera mambangun POS Terpadu, dan juga kepada Pihak PJKA untuk membangun Pagar Duracon. Sepanjang wilayah Cipinang Jagal sudah dipisahkan oleh 4 REL Ganda, apalagi sekarang lebih sering terjadi tawuran dan untuk mangantisipasi bulan puasa dan lebaran tidak terjadi seperti tahun lalu. Karena belakangan ini sering terjadi tawuran yang tidak jelas asalnya. Kami mohon kepada pihak yang berwenang atau terkait untuk cepat merealisasikan Pos Terpadu dan Pagar Duracon, agar kami semua bisa tenang. Terima kasih.",Kantor Walikota Jakarta Timur
"yth bpk gubernur DKI jakarta, dinas dukcapil, dan instansi terkait mohon sidak bangunan liar, di wilayah kalibaru baru timur tepatnya di RT 13/ RW 13 (dekat pinggir laut cilincing jakarta utara, berdiri bangunan liar semi permanen yg dibangun diatas empang kurang lebih 3 hektar, sekarang menjadi bangunan liar yg dihuni 200 kk, dicurigai ada oknum RW yg menjual dan meng-alih fungsikan wilyah tersebut menjadi bangunan, kebanyakn mereka adalah para pendatang ilegal dan sering mngakibatkan konflik Tawuran para pemuda setempat

mohon kepada pemprov DKI jakarta segera bertindak sebelum terlambat, menertibkan dan mengembalikan ke fungisnya(empang) karena empang tersebut dpt menampung air pasang laut(ROB), ""kalau terlalu lama, mereka bisa mengakui lahan tersebut"" dan susah ditertibkan

demikian laporan saya buat dengan sebenarnya
terima kash",Kantor Walikota Jakarta Utara
"Yth. Pemprov DKI Jakarta,

Saya ingin bertanya, apakah wajar jika seorang wanita PNS di kelurahan yang menjabat, harus bertugas jaga malam dari jam 12 sampai jam 6 pagi untuk menjaga tawuran? Apalagi jika tawuran benar-benar terjadi, apakah ada jaminan keselamatan untuk wanita tersebut? Sementara seorang ibu sangat dibutuhkan oleh anak-anaknya di rumah. Bagaimana prosedur penugasan yang sebenarnya? Dan bagaimana jaminan keselamatan bagi penjaga tawuran? Apakah tugas tersebut tidak lebih cocok bagi aparat keamanan?

Mohon informasi dan tindak lanjutnya, terima kasih.",Pemerintah Provinsi DKI Jakarta
"Yth. Kepolisian RI,

Saya melaporkan banyak anak-anak remaja yang berkumpul membuat keributan dengan suara yang keras, bermain tawur-tawuran dengan menggunakan bambu dan mengotori dengan sampah. Mereka berkumpul setiap hari dari jam 8-10 bahkan pernah sampai jam 12 malam di perumahan Jl. Kacang Polong 2 Bojong Indah, Jakarta Barat. Mereka juga mengendarai motor dengan kebut-kebutan di gang tersebut dan memarkir motor dengan seenaknya sehingga mengganggu jalanan di perumahan tersebut.

Keamanan (hansip) pernah menegur tetapi tidak dihiraukan oleh mereka. Jumlah mereka bisa melebihi 15 orang terutama malam minggu mereka bisa lebih banyak lagi. Kenakalan remaja ini sudah lama terjadi dan setiap hari sehingga sangat mengganggu ketenangan dan keamanan warga, terutama rumah warga tempat mereka berkumpul.

Saya mohon mereka ditindak tegas sehingga tidak berkumpul dan membuat keributan di depan rumah warga sampai tengah malam.

Terima kasih. ",Kepolisian Negara Republik Indonesia
"Yth. Menteri Pendidikan dan Kebudayaan,

Saya sebagai masyarakat merasa prihatin dunia pendidikan sekarang yang rendah mutunya. Kepala Sekolah, umumnya sekolah negeri, tidak profesional dan peduli kepada anak didiknya, dibandingkan dengan sekolah swasta. Sedangkan penghasilan kepala sekolah negeri sekarang sudah besar . 

Sebagai contoh kecil: siswa sekolah yang mau masuk sekolah tapi tidak langsung masuk kedalam sekolah melainkan nongkrong diluar sekitar sekolah akan mengakibatkan tawuran antar sekolah, bolos, merokok dan minum minuman alkohol ,untuk hal kecil ini saja kepala sekolah tidak ada perhatian/peduli/solusi, sehingga siswa merasa sekolah adalah tempat utk berbuat nakal). Hal ini saya lihat di SMPN 6 Bandar Lampung yang berada di lingkungan kami. Apakah Mendikbud mempunyai program untuk mengatasi permasalahan seperti ini? Mohon hal ini dapat menjadi perhatian. Terima kasih.",Kementerian Pendidikan dan Kebudayaan
"Yth. Kementerian Pendidikan dan Kebudayaan,

Saya ingin memberikan saran terkaitnya banyaknya kasus-kasus tidak menyenangkan yang sering dilakukan oleh siswa-siswa (SD sampai SMA) di berbagai sekolah di seluruh Indonesia. Mereka kurang memikirkan tentang sikap empati terhadap orang lain. Saya merasa hal ini terjadi karena belum adanya pendidikan moral atau pendidikan karakter di sekolah-sekolah.

Siswa diajarkan pelajaran yang begitu membebankan kinerja otak mereka, namun tidak dibekali rasa tanggung jawab, simpati, dan empati untuk turun langsung membantu masyarakat. Agar tindakan siswa-siswa seperti tawuran dan hura-hura dapat terminimalisir.

Mohon saran ini dapat dipertimbangkan.
Terima kasih.",Kementerian Pendidikan dan Kebudayaan
"Yth. Kepolisian RI.

Saya ingin menginfokan perihal kejadian perkelahian antar pelajar yang sering terjadi di daerah Jl. Otista Raya. Kami mohonkan pihak keamanan dan aparat setempat dapat membuat aman area tersebut sehingga para pelajar yang pulang melalui Jalan Otista Raya dapat berlalu dengan tenang tanpa harus takut, karena kami selaku orangtua merasa resah dan khawatir akan dampak terhadap anak-anak kami yang bersekolah, menjadi takut melalui jalan tersebut dan motivasi pergi ke sekolah menjadi beban berat karena hal tersebut. Kejadian tawuran terjadi diwaktu siang kira-kira jam 14.00 hingga 15.00 pada hari sekolah.

Sangat besar harapan kami laporan ini dapat segera ditindaklanjuti. Kami mengucapkan banyak terima kasih.",Kepolisian Daerah Metro Jakarta Raya
"Yth.Kepolisian Republik Indonesia,
Saya ingin melaporkan bahwa puluhan siswa SMU dibelakang Mall BTM (Bogor Trade Mall) perlintasan rel kereta api Kota Bogor sepertinya akan mengadakan tawuran. Mohon ditindaklanjuti. Terima kasih.",Kepolisian Daerah Jawa Barat
"Yth. Kepolisian Republik Indonesia.

Bila saya lapor via telepon ke Polsek terdekat mengenai adanya tawuran, petugas tidak pernah ada yang sigap menanggapi. Sering lapor ke Polsek Cibinong via telepon, tapi hanya diterima tanpa reaksi selanjutnya.

Saya berharap komunikasi bisa berjalan seperti zaman Orde Baru via telepon ke 2222 (Koramil/Kodim). TNI lebih tanggap dari pada POLISI.

Demikian laporan saya.
Terima kasih.",Kepolisian Daerah Jawa Barat
"Kepada Kementerian PU dan Pemprov DKI Jakarta,

Saya ingin mengusulkan sepanjang Jl. Raya Bogor KM. 28 setelah lampu merah Cibubur sampai dengan Pabrik Detta Marina dibuatkan rambu kejut dan zebra cross untuk mengantisipasi balapan motor liar. Setiap pertemuan di Kelurahan saya sering usulkan ke lurah, Kapolsek, Babinsa dan LMK tapi tidak ada realisasi. 

Balapan motor sudah sangat mengkhawatirkan menjurus pada tindak kriminal (tawuran) dan meresahkan warga sekitar. 

Mohon tindak lanjutnya. Terima kasih.",Kepolisian Daerah Jawa Barat
"Bandung Yg terhormat Bpk Dinas Pendidikan,  Kami mau melaporkan banyak kejadian siswa di SMPN 49 Bandung.1. Pernah terjadi tawuran dengan SMPN 45 yang memakan korban.  2.Kepala Sekolahnya tidak ada tindakan dan sekarang masih menjabat. siswa kls 8 melakukan mesum di wc sekolah 3.Salah satu murid dikeroyok sama belasan temannya dan mengakibatkan harus di rawat di rumah sakit",Dinas Pendidikan Kota Bandung
"Yth. Pemprov DKI Jakarta. Terkait banyaknya pelajar yang sering tawuran, mohon untuk dapat dikoordinasikan kepada Kapolda Metro Jaya untuk ditangani. Agar para pelaku tawuran dapat dihukum pidana karena membawa senjata tajam. Mohon koordinsinya, terima kasih.",Dinas Pendidikan
"Kepada Yth. Pemerintah RI. Saya bertempat tinggal di wilayah Johar Baru, Jakarta Pusat. Di daerah ini sering sekali terjadi tawuran, entah hal apa yang menjadi pemicu utama tawuran tersebut, beredar kabar bahwa tawuran tersebut ditunggangi oleh bandar narkoba. Mohon untuk ditanggulangi masalah tersebut karena telah meresahkan dan merugikan masyarakat, khususnya warga Johar Baru. Contohnya tadi sekitar jam 02.00 terjadi tawuran yang mengakibatkan 4 rumah warga terbakar. 
Apakah pemerintah dapat menindak hal ini?
Sekali saya harapkan laporan ini segera di tanggapi. Terima kasih. Angga ( Warga Johar Baru ) ",Kepolisian Daerah Metro Jakarta Raya
"Yth. Pemprov DKI Jakarta diharapkan perhatian dan tindaklanjutnya atas kondisi keamanan dan kenyamanan warga Jakarta, terkait dengan makin maraknya aksi tawuran antar pelajar yang menjurus ke tindak kriminalitas. 
Terima kasih",Dinas Pendidikan
"Yth. Pemprov DKI Jakarta diharapkan perhatian dan tindaklanjutnya atas kondisi dunia pendidikan di Jakarta, terkait kembali maraknya aksi tawuran antar pelajar yang banyak menelan korban. Seperti kejadian di wilayah Jatinegara, Jakarta Timur. Terima kasih ",Dinas Pendidikan
"Yth. Pemprov DKI Jakarta di tanah sereal jakarta barat menurut saya karang taruna nya tidak berfungsi, hanya bisa bikin kegiatan hura-hura, tolong lurah pengurus karang tarunanya di berikan arahan yang benar, seperti bagaimana mencegah tawuran, narkoba, peduli lingkungan bersih. terima kasih",Kantor Walikota Jakarta Barat
"Saya mau melaporkan ada tawuran warga di daerah jakarta pusat , tepat nya di jalan kampung rawa sawah , kelurahan kampung rawa , kecamatan johar baru .. Tawuran ini sudah memakai bom molotov dan tombak . Terima kasih",Kantor Walikota Jakarta Pusat
"Tawuran warga di Johar Baru sulit dihentikan. 

Sudah seperti penyakit akut tawuran warga di Johar Baru dan sulit dikendalikan. Apakah kurangnya perhatian aparat pemda seperti camat dan lurah dan aparat keamanan yg sungkan untuk bertindak tegas (mgkn krn isu HAM)? Karena cenderung kejadian berulang di tempat yang sama dan melecehkan keamanan, seperti yg terjadi beberapa hari ini hingga sampai saat saya menulis laporan ini di daerah kampung rawa.

Mereka sangat meresahkan penduduk. Selain merusak rumah, peralatan usaha, pembakaran dan lainnya. Parahnya, selain menggunakan senjata tajam, pecahan botol/gelas, ketapel paku, tembakan mimis juga menggunakan petasan firework besar dan bom molotov (botol diisi bensin). 

JIKA MASIH TERUS TERJADI, SEPERTINYA INI HANYA MENUNGGU WAKTU SAJA UNTUK TERJADI KEBAKARAN DI LOKASI RUMAH WARGA YANG JADI AJANG TAWURAN DAN TAMBAHAN KORBAN LUKA/JIWA.

Mohon sekali lagi. Pengerahan aparat dan penanggulangan yang serius. 

Dan mohon kirimkan orang yg bisa dipercaya untuk meliput ke lapangan dan bukan orang yg memberi laporan yg bagus2 saja. 

Terlampir foto2 kejadian terbaru (Sabtu, 14 Sep. 2013 sekitar jam 16.00)

Terima kasih atas perhatianya. ",Kantor Walikota Jakarta Pusat
"Yth. Pemprov DKI Jakarta diharapkan perhatian dan tindaklanjutnya atas kondisi keamanan dan kenyamanan warga Johar Baru, Jakarta Pusat. yang mana sering terjadi tawuran antar warga di Kecamatan tersebut. Mohon agar segera dicarikan solusi dan penanggulangannya agar tidak kembali terjadi lagi dan memakan korban. Terima kasih ",Kantor Walikota Jakarta Pusat
"[628778185XXXX] Selamatkan reputasi SMA Negeri 70 Jakarta, dengan cara mengganti Kepala Sekolah yang tidak memiliki tanggung jawab sebagai pemimpin yang baik. Masalah SMA Negeri 70 jangan hanya dibebankan pada siswa, banyak siswa cerdas yang akhirnya jadi korban. Kepala sekolah, guru dan orang tua murid yang harus dihukum karena gagal menjadi pendidik. Kami menunggu tindakan tegas dari Bapak Menteri. Shock therapy harus dilakukan melalui tindakan tegas dan nyata. Terima kasih Pak Menteri, kami percaya Pak Menteri akan bertindak tegas demi kemajuan dunia pendidikan.",Kementerian Pendidikan dan Kebudayaan
"Saya mau melapor, kenapa di pertelevisiaan indonesia banyak sekali sinetron yg bisa merusak moral anak bangsa, sangat tidak mendidik. Contoh nya sinetron anak langit yang tayang d sctv, disitu ada banyak sekali adegan yg mempertontonkan perkelahian, pengeroyokan maupun tawuran. Karena kita lihat sendiri saat ini begitu banyak remaja yg bersifat anarkis, apa yang dia lihat di tv bisa saja menjadi salah satu penyebabnya. Saya hanya cemas, bgaimana nasib moral anak anak kita jika yang mereka tayangkan spti itu. Saya mohon untuk KPI ataupun pihak yg bersangkutan hrus bisa menyaring sinetron mana yg harus d tayangkan dan tdak, sinetron mana yg mendidik dan tidak. Mohon di pikirkan!",Komisi Penyiaran Indonesia Pusat
